Prefix,Number,Course Title,Section,CRN,Semester,UID,Name,Registration,Date,Midterm,Final,Grade Mode,Credits,Final Grade Entered,Passing,Passing Override
THE,2000,Theatre & Culture,,,,U00000002,Student 2,,,,C+,R,3,Y,c,
THE,2023,Entry Seminar: Theatre as an Art Form,,,,U00000002,Student 2,,,,A-,R,1,Y,c,
THE,2305,Script Analysis,,,,U00000002,Student 2,,,,B,R,3,Y,c,
THE,3110,Theatre History 1,,,,U00000002,Student 2,,,,B,R,3,Y,c,
THE,4434,Caribbean Theatre,,,,U00000002,Student 2,,,,,R,3,N,ip,
THE,4283,Architecture and Decoration,,,,U00000002,Student 2,,,,,R,3,N,ip,
THE,2000,Theatre & Culture,,,,U00000003,Student 3,,,,A-,R,3,Y,c,
THE,2023,Entry Seminar: Theatre as an Art Form,,,,U00000003,Student 3,,,,A,R,1,Y,c,
THE,2305,Script Analysis,,,,U00000003,Student 3,,,,C+,R,3,Y,c,
THE,3111,Theatre History 2,,,,U00000003,Student 3,,,,B-,R,3,Y,c,
THE,4401,American Drama,,,,U00000003,Student 3,,,,,R,3,N,ip,
THE,3110,Theatre History 1,,,,U00000003,Student 3,,,,A-,R,3,Y,c,
THE,2000,Theatre & Culture,,,,U00000005,Student 5,,,,B+,R,3,Y,c,
THE,2023,Entry Seminar: Theatre as an Art Form,,,,U00000005,Student 5,,,,A+,R,1,Y,c,
THE,2305,Script Analysis,,,,U00000005,Student 5,,,,A,R,3,Y,c,
THE,3111,Theatre History 2,,,,U00000005,Student 5,,,,,R,3,N,ip,
THE,4401,American Drama,,,,U00000005,Student 5,,,,,R,3,N,ip,
THE,2000,Theatre & Culture,,,,U00000008,Student 8,,,,A+,R,3,Y,c,
THE,2023,Entry Seminar: Theatre as an Art Form,,,,U00000008,Student 8,,,,B-,R,1,Y,c,
THE,2305,Script Analysis,,,,U00000008,Student 8,,,,B,R,3,Y,c,
THE,3111,Theatre History 2,,,,U00000008,Student 8,,,,,R,3,N,ip,
THE,4480,Drama-Special Topics,,,,U00000008,Student 8,,,,B+,R,3,Y,c,
THE,2000,Theatre & Culture,,,,U00000009,Student 9,,,,A,R,3,Y,c,
THE,2023,Entry Seminar: Theatre as an Art Form,,,,U00000009,Student 9,,,,C+,R,1,Y,c,
THE,2305,Script Analysis,,,,U00000009,Student 9,,,,B,R,3,Y,c,
THE,3111,Theatre History 2,,,,U00000009,Student 9,,,,,R,3,N,ip,
THE,4401,American Drama,,,,U00000009,Student 9,,,,,R,3,N,ip,
THE,2000,Theatre & Culture,,,,U00000011,Student 11,,,,,R,3,N,ip,
THE,2023,Entry Seminar: Theatre as an Art Form,,,,U00000011,Student 11,,,,,R,1,N,ip,
THE,2000,Theatre & Culture,,,,U00000012,Student 12,,,,C+,R,3,Y,c,
THE,2023,Entry Seminar: Theatre as an Art Form,,,,U00000012,Student 12,,,,B-,R,1,Y,c,
THE,2305,Script Analysis,,,,U00000012,Student 12,,,,A+,R,3,Y,c,
THE,3110,Theatre History 1,,,,U00000012,Student 12,,,,A+,R,3,Y,c,
THE,4330,Shakespeare for the Theatre,,,,U00000012,Student 12,,,,B+,R,3,Y,c,
THE,3111,Theatre History 2,,,,U00000012,Student 12,,,,,R,3,N,ip,
THE,2000,Theatre & Culture,,,,U00000013,Student 13,,,,A+,R,3,Y,c,
THE,2023,Entry Seminar: Theatre as an Art Form,,,,U00000013,Student 13,,,,B+,R,1,Y,c,
THE,2305,Script Analysis,,,,U00000013,Student 13,,,,,R,3,N,ip,
THE,3110,Theatre History 1,,,,U00000013,Student 13,,,,,R,3,N,ip,
THE,2000,Theatre & Culture,,,,U00000014,Student 14,,,,B,R,3,Y,c,
THE,2023,Entry Seminar: Theatre as an Art Form,,,,U00000014,Student 14,,,,A+,R,1,Y,c,
THE,2305,Script Analysis,,,,U00000014,Student 14,,,,B-,R,3,Y,c,
THE,3111,Theatre History 2,,,,U00000014,Student 14,,,,A+,R,3,Y,c,
THE,4401,American Drama,,,,U00000014,Student 14,,,,,R,3,N,ip,
THE,4574,Sport as Performance,,,,U00000014,Student 14,,,,B,R,3,Y,c,
THE,2000,Theatre & Culture,,,,U00000015,Student 15,,,,C+,R,3,Y,c,
THE,2023,Entry Seminar: Theatre as an Art Form,,,,U00000015,Student 15,,,,A-,R,1,Y,c,
THE,2305,Script Analysis,,,,U00000015,Student 15,,,,,R,3,N,ip,
THE,2000,Theatre & Culture,,,,U00000016,Student 16,,,,A,R,3,Y,c,
THE,2023,Entry Seminar: Theatre as an Art Form,,,,U00000016,Student 16,,,,A+,R,1,Y,c,
THE,2305,Script Analysis,,,,U00000016,Student 16,,,,B+,R,3,Y,c,
THE,3111,Theatre History 2,,,,U00000016,Student 16,,,,,R,3,N,ip,
THE,4480,Drama-Special Topics,,,,U00000016,Student 16,,,,B,R,3,Y,c,
THE,2000,Theatre & Culture,,,,U00000017,Student 17,,,,,R,3,N,ip,
THE,2000,Theatre & Culture,,,,U00000018,Student 18,,,,B-,R,3,Y,c,
THE,2023,Entry Seminar: Theatre as an Art Form,,,,U00000018,Student 18,,,,B-,R,1,Y,c,
THE,2305,Script Analysis,,,,U00000018,Student 18,,,,C+,R,3,Y,c,
THE,3111,Theatre History 2,,,,U00000018,Student 18,,,,,R,3,N,ip,
THE,4480,Drama-Special Topics,,,,U00000018,Student 18,,,,A+,R,3,Y,c,
THE,2000,Theatre & Culture,,,,U00000019,Student 19,,,,A+,R,3,Y,c,
THE,2023,Entry Seminar: Theatre as an Art Form,,,,U00000019,Student 19,,,,B+,R,1,Y,c,
THE,2305,Script Analysis,,,,U00000019,Student 19,,,,A,R,3,Y,c,
THE,3110,Theatre History 1,,,,U00000019,Student 19,,,,B,R,3,Y,c,
THE,4330,Shakespeare for the Theatre,,,,U00000019,Student 19,,,,A-,R,3,Y,c,
THE,3111,Theatre History 2,,,,U00000019,Student 19,,,,,R,3,N,ip,
THE,2000,Theatre & Culture,,,,U00000023,Student 23,,,,B+,R,3,Y,c,
THE,2023,Entry Seminar: Theatre as an Art Form,,,,U00000023,Student 23,,,,C+,R,1,Y,c,
THE,2305,Script Analysis,,,,U00000023,Student 23,,,,,R,3,N,ip,
THE,3110,Theatre History 1,,,,U00000023,Student 23,,,,C+,R,3,Y,c,
THE,4434,Caribbean Theatre,,,,U00000023,Student 23,,,,,R,3,N,ip,
THE,2000,Theatre & Culture,,,,U00000024,Student 24,,,,C+,R,3,Y,c,
THE,2023,Entry Seminar: Theatre as an Art Form,,,,U00000024,Student 24,,,,B+,R,1,Y,c,
THE,3111,Theatre History 2,,,,U00000024,Student 24,,,,,R,3,N,ip,
THE,2000,Theatre & Culture,,,,U00000025,Student 25,,,,B+,R,3,Y,c,
THE,2023,Entry Seminar: Theatre as an Art Form,,,,U00000025,Student 25,,,,B+,R,1,Y,c,
THE,3111,Theatre History 2,,,,U00000025,Student 25,,,,,R,3,N,ip,
THE,2000,Theatre & Culture,,,,U00000028,Student 28,,,,C+,R,3,Y,c,
THE,2023,Entry Seminar: Theatre as an Art Form,,,,U00000028,Student 28,,,,A+,R,1,Y,c,
THE,2305,Script Analysis,,,,U00000028,Student 28,,,,B+,R,3,Y,c,
THE,3111,Theatre History 2,,,,U00000028,Student 28,,,,,R,3,N,ip,
THE,4401,American Drama,,,,U00000028,Student 28,,,,,R,3,N,ip,
THE,2000,Theatre & Culture,,,,U00000030,Student 30,,,,B-,R,3,Y,c,
THE,2023,Entry Seminar: Theatre as an Art Form,,,,U00000030,Student 30,,,,B-,R,1,Y,c,
THE,2305,Script Analysis,,,,U00000030,Student 30,,,,B-,R,3,Y,c,
THE,3110,Theatre History 1,,,,U00000030,Student 30,,,,A+,R,3,Y,c,
THE,4330,Shakespeare for the Theatre,,,,U00000030,Student 30,,,,,R,3,N,ip,
THE,2000,Theatre & Culture,,,,U00000031,Student 31,,,,A+,R,3,Y,c,
THE,2023,Entry Seminar: Theatre as an Art Form,,,,U00000031,Student 31,,,,A,R,1,Y,c,
THE,2305,Script Analysis,,,,U00000031,Student 31,,,,,R,3,N,ip,
THE,2000,Theatre & Culture,,,,U00000032,Student 32,,,,B+,R,3,Y,c,
THE,2023,Entry Seminar: Theatre as an Art Form,,,,U00000032,Student 32,,,,A-,R,1,Y,c,
THE,2305,Script Analysis,,,,U00000032,Student 32,,,,,R,3,N,ip,
THE,3110,Theatre History 1,,,,U00000032,Student 32,,,,,R,3,N,ip,
THE,2000,Theatre & Culture,,,,U00000033,Student 33,,,,C+,R,3,Y,c,
THE,2023,Entry Seminar: Theatre as an Art Form,,,,U00000033,Student 33,,,,B+,R,1,Y,c,
THE,2305,Script Analysis,,,,U00000033,Student 33,,,,A+,R,3,Y,c,
THE,3110,Theatre History 1,,,,U00000033,Student 33,,,,A-,R,3,Y,c,
THE,4434,Caribbean Theatre,,,,U00000033,Student 33,,,,,R,3,N,ip,
THE,3111,Theatre History 2,,,,U00000033,Student 33,,,,,R,3,N,ip,
THE,2000,Theatre & Culture,,,,U00000036,Student 36,,,,A-,R,3,Y,c,
THE,2023,Entry Seminar: Theatre as an Art Form,,,,U00000036,Student 36,,,,A-,R,1,Y,c,
THE,3111,Theatre History 2,,,,U00000036,Student 36,,,,,R,3,N,ip,
THE,2000,Theatre & Culture,,,,U00000037,Student 37,,,,B,R,3,Y,c,
THE,2023,Entry Seminar: Theatre as an Art Form,,,,U00000037,Student 37,,,,B,R,1,Y,c,
THE,2305,Script Analysis,,,,U00000037,Student 37,,,,C+,R,3,Y,c,
THE,3110,Theatre History 1,,,,U00000037,Student 37,,,,B+,R,3,Y,c,
THE,4434,Caribbean Theatre,,,,U00000037,Student 37,,,,,R,3,N,ip,
THE,3111,Theatre History 2,,,,U00000037,Student 37,,,,,R,3,N,ip,
THE,2000,Theatre & Culture,,,,U00000038,Student 38,,,,B+,R,3,Y,c,
THE,2023,Entry Seminar: Theatre as an Art Form,,,,U00000038,Student 38,,,,A,R,1,Y,c,
THE,2305,Script Analysis,,,,U00000038,Student 38,,,,B,R,3,Y,c,
THE,3111,Theatre History 2,,,,U00000038,Student 38,,,,B,R,3,Y,c,
THE,4401,American Drama,,,,U00000038,Student 38,,,,C+,R,3,Y,c,
THE,4574,Sport as Performance,,,,U00000038,Student 38,,,,A-,R,3,Y,c,
THE,4562,Contemporary Performance Theory,,,,U00000038,Student 38,,,,A,R,3,Y,c,
THE,2000,Theatre & Culture,,,,U00000040,Student 40,,,,A+,R,3,Y,c,
THE,2023,Entry Seminar: Theatre as an Art Form,,,,U00000040,Student 40,,,,C+,R,1,Y,c,
THE,2305,Script Analysis,,,,U00000040,Student 40,,,,A-,R,3,Y,c,
THE,3110,Theatre History 1,,,,U00000040,Student 40,,,,B-,R,3,Y,c,
THE,4434,Caribbean Theatre,,,,U00000040,Student 40,,,,,R,3,N,ip,
THE,4264,History of Costume,,,,U00000040,Student 40,,,,,R,3,N,ip,
THE,2000,Theatre & Culture,,,,U00000042,Student 42,,,,A+,R,3,Y,c,
THE,2023,Entry Seminar: Theatre as an Art Form,,,,U00000042,Student 42,,,,A+,R,1,Y,c,
THE,2305,Script Analysis,,,,U00000042,Student 42,,,,A,R,3,Y,c,
THE,3111,Theatre History 2,,,,U00000042,Student 42,,,,B+,R,3,Y,c,
THE,4401,American Drama,,,,U00000042,Student 42,,,,,R,3,N,ip,
THE,3110,Theatre History 1,,,,U00000042,Student 42,,,,A+,R,3,Y,c,
THE,2000,Theatre & Culture,,,,U00000044,Student 44,,,,B-,R,3,Y,c,
THE,2023,Entry Seminar: Theatre as an Art Form,,,,U00000044,Student 44,,,,B+,R,1,Y,c,
THE,2305,Script Analysis,,,,U00000044,Student 44,,,,A,R,3,Y,c,
THE,3110,Theatre History 1,,,,U00000044,Student 44,,,,A-,R,3,Y,c,
THE,4330,Shakespeare for the Theatre,,,,U00000044,Student 44,,,,B-,R,3,Y,c,
THE,4574,Sport as Performance,,,,U00000044,Student 44,,,,B+,R,3,Y,c,
THE,4562,Contemporary Performance Theory,,,,U00000044,Student 44,,,,,R,3,N,ip,
THE,2000,Theatre & Culture,,,,U00000046,Student 46,,,,C+,R,3,Y,c,
THE,2023,Entry Seminar: Theatre as an Art Form,,,,U00000046,Student 46,,,,A+,R,1,Y,c,
THE,2305,Script Analysis,,,,U00000046,Student 46,,,,B-,R,3,Y,c,
THE,3111,Theatre History 2,,,,U00000046,Student 46,,,,A-,R,3,Y,c,
THE,4401,American Drama,,,,U00000046,Student 46,,,,,R,3,N,ip,
THE,4264,History of Costume,,,,U00000046,Student 46,,,,A+,R,3,Y,c,
THE,2000,Theatre & Culture,,,,U00000047,Student 47,,,,B,R,3,Y,c,
THE,2023,Entry Seminar: Theatre as an Art Form,,,,U00000047,Student 47,,,,B,R,1,Y,c,
THE,2305,Script Analysis,,,,U00000047,Student 47,,,,,R,3,N,ip,
THE,3110,Theatre History 1,,,,U00000047,Student 47,,,,A+,R,3,Y,c,
THE,4434,Caribbean Theatre,,,,U00000047,Student 47,,,,,R,3,N,ip,
THE,2000,Theatre & Culture,,,,U00000049,Student 49,,,,A+,R,3,Y,c,
THE,2023,Entry Seminar: Theatre as an Art Form,,,,U00000049,Student 49,,,,C+,R,1,Y,c,
THE,2305,Script Analysis,,,,U00000049,Student 49,,,,A+,R,3,Y,c,
THE,3111,Theatre History 2,,,,U00000049,Student 49,,,,A+,R,3,Y,c,
THE,4330,Shakespeare for the Theatre,,,,U00000049,Student 49,,,,,R,3,N,ip,
THE,3111,Theatre History 2,,,,U00000049,Student 49,,,,,R,3,N,ip,
THE,2000,Theatre & Culture,,,,U00000051,Student 51,,,,A-,R,3,Y,c,
THE,2023,Entry Seminar: Theatre as an Art Form,,,,U00000051,Student 51,,,,B-,R,1,Y,c,
THE,2305,Script Analysis,,,,U00000051,Student 51,,,,A+,R,3,Y,c,
THE,3111,Theatre History 2,,,,U00000051,Student 51,,,,B-,R,3,Y,c,
THE,4480,Drama-Special Topics,,,,U00000051,Student 51,,,,B-,R,3,Y,c,
THE,4574,Sport as Performance,,,,U00000051,Student 51,,,,B+,R,3,Y,c,
THE,4562,Contemporary Performance Theory,,,,U00000051,Student 51,,,,,R,3,N,ip,
THE,2000,Theatre & Culture,,,,U00000055,Student 55,,,,A,R,3,Y,c,
THE,2023,Entry Seminar: Theatre as an Art Form,,,,U00000055,Student 55,,,,A+,R,1,Y,c,
THE,2305,Script Analysis,,,,U00000055,Student 55,,,,C+,R,3,Y,c,
THE,3110,Theatre History 1,,,,U00000055,Student 55,,,,A-,R,3,Y,c,
THE,4330,Shakespeare for the Theatre,,,,U00000055,Student 55,,,,C+,R,3,Y,c,
THE,4264,History of Costume,,,,U00000055,Student 55,,,,A,R,3,Y,c,
THE,4562,Contemporary Performance Theory,,,,U00000055,Student 55,,,,,R,3,N,ip,
THE,2000,Theatre & Culture,,,,U00000056,Student 56,,,,A-,R,3,Y,c,
THE,2023,Entry Seminar: Theatre as an Art Form,,,,U00000056,Student 56,,,,A-,R,1,Y,c,
THE,2305,Script Analysis,,,,U00000056,Student 56,,,,,R,3,N,ip,
THE,2000,Theatre & Culture,,,,U00000057,Student 57,,,,C+,R,3,Y,c,
THE,2023,Entry Seminar: Theatre as an Art Form,,,,U00000057,Student 57,,,,B+,R,1,Y,c,
THE,2305,Script Analysis,,,,U00000057,Student 57,,,,A+,R,3,Y,c,
THE,3110,Theatre History 1,,,,U00000057,Student 57,,,,B+,R,3,Y,c,
THE,4330,Shakespeare for the Theatre,,,,U00000057,Student 57,,,,B,R,3,Y,c,
THE,3111,Theatre History 2,,,,U00000057,Student 57,,,,,R,3,N,ip,
THE,2000,Theatre & Culture,,,,U00000058,Student 58,,,,B+,R,3,Y,c,
THE,2023,Entry Seminar: Theatre as an Art Form,,,,U00000058,Student 58,,,,B+,R,1,Y,c,
THE,2305,Script Analysis,,,,U00000058,Student 58,,,,A+,R,3,Y,c,
THE,3111,Theatre History 2,,,,U00000058,Student 58,,,,B,R,3,Y,c,
THE,4401,American Drama,,,,U00000058,Student 58,,,,,R,3,N,ip,
THE,3110,Theatre History 1,,,,U00000058,Student 58,,,,A+,R,3,Y,c,
THE,2000,Theatre & Culture,,,,U00000059,Student 59,,,,A+,R,3,Y,c,
THE,2023,Entry Seminar: Theatre as an Art Form,,,,U00000059,Student 59,,,,A,R,1,Y,c,
THE,3111,Theatre History 2,,,,U00000059,Student 59,,,,,R,3,N,ip,
THE,2000,Theatre & Culture,,,,U00000061,Student 61,,,,A-,R,3,Y,c,
THE,2023,Entry Seminar: Theatre as an Art Form,,,,U00000061,Student 61,,,,A-,R,1,Y,c,
THE,2305,Script Analysis,,,,U00000061,Student 61,,,,,R,3,N,ip,
THE,2000,Theatre & Culture,,,,U00000063,Student 63,,,,A,R,3,Y,c,
THE,2023,Entry Seminar: Theatre as an Art Form,,,,U00000063,Student 63,,,,B+,R,1,Y,c,
THE,2305,Script Analysis,,,,U00000063,Student 63,,,,A,R,3,Y,c,
THE,3110,Theatre History 1,,,,U00000063,Student 63,,,,,R,3,N,ip,
THE,4330,Shakespeare for the Theatre,,,,U00000063,Student 63,,,,C+,R,3,Y,c,
THE,4283,Architecture and Decoration,,,,U00000063,Student 63,,,,C+,R,3,Y,c,
THE,2000,Theatre & Culture,,,,U00000064,Student 64,,,,B-,R,3,Y,c,
THE,2023,Entry Seminar: Theatre as an Art Form,,,,U00000064,Student 64,,,,C+,R,1,Y,c,
THE,2305,Script Analysis,,,,U00000064,Student 64,,,,B,R,3,Y,c,
THE,3111,Theatre History 2,,,,U00000064,Student 64,,,,C+,R,3,Y,c,
THE,4264,History of Costume,,,,U00000064,Student 64,,,,,R,3,N,ip,
THE,2000,Theatre & Culture,,,,U00000066,Student 66,,,,B-,R,3,Y,c,
THE,2023,Entry Seminar: Theatre as an Art Form,,,,U00000066,Student 66,,,,C+,R,1,Y,c,
THE,2305,Script Analysis,,,,U00000066,Student 66,,,,,R,3,N,ip,
THE,2000,Theatre & Culture,,,,U00000067,Student 67,,,,B-,R,3,Y,c,
THE,2023,Entry Seminar: Theatre as an Art Form,,,,U00000067,Student 67,,,,C+,R,1,Y,c,
THE,2305,Script Analysis,,,,U00000067,Student 67,,,,B+,R,3,Y,c,
THE,3110,Theatre History 1,,,,U00000067,Student 67,,,,A+,R,3,Y,c,
THE,4330,Shakespeare for the Theatre,,,,U00000067,Student 67,,,,,R,3,N,ip,
THE,2000,Theatre & Culture,,,,U00000068,Student 68,,,,A+,R,3,Y,c,
THE,2023,Entry Seminar: Theatre as an Art Form,,,,U00000068,Student 68,,,,C+,R,1,Y,c,
THE,2305,Script Analysis,,,,U00000068,Student 68,,,,B-,R,3,Y,c,
THE,3110,Theatre History 1,,,,U00000068,Student 68,,,,A-,R,3,Y,c,
THE,4330,Shakespeare for the Theatre,,,,U00000068,Student 68,,,,A,R,3,Y,c,
THE,4574,Sport as Performance,,,,U00000068,Student 68,,,,,R,3,N,ip,
THE,2000,Theatre & Culture,,,,U00000069,Student 69,,,,B,R,3,Y,c,
THE,2023,Entry Seminar: Theatre as an Art Form,,,,U00000069,Student 69,,,,B+,R,1,Y,c,
THE,2305,Script Analysis,,,,U00000069,Student 69,,,,A-,R,3,Y,c,
THE,3111,Theatre History 2,,,,U00000069,Student 69,,,,B,R,3,Y,c,
THE,4401,American Drama,,,,U00000069,Student 69,,,,,R,3,N,ip,
THE,4283,Architecture and Decoration,,,,U00000069,Student 69,,,,C+,R,3,Y,c,
THE,2000,Theatre & Culture,,,,U00000071,Student 71,,,,A-,R,3,Y,c,
THE,2023,Entry Seminar: Theatre as an Art Form,,,,U00000071,Student 71,,,,A-,R,1,Y,c,
THE,2305,Script Analysis,,,,U00000071,Student 71,,,,A,R,3,Y,c,
THE,3111,Theatre History 2,,,,U00000071,Student 71,,,,,R,3,N,ip,
THE,4480,Drama-Special Topics,,,,U00000071,Student 71,,,,B-,R,3,Y,c,
THE,2000,Theatre & Culture,,,,U00000072,Student 72,,,,B,R,3,Y,c,
THE,2023,Entry Seminar: Theatre as an Art Form,,,,U00000072,Student 72,,,,A,R,1,Y,c,
THE,2305,Script Analysis,,,,U00000072,Student 72,,,,,R,3,N,ip,
THE,3110,Theatre History 1,,,,U00000072,Student 72,,,,B,R,3,Y,c,
THE,4434,Caribbean Theatre,,,,U00000072,Student 72,,,,,R,3,N,ip,
THE,2000,Theatre & Culture,,,,U00000073,Student 73,,,,A,R,3,Y,c,
THE,2023,Entry Seminar: Theatre as an Art Form,,,,U00000073,Student 73,,,,A,R,1,Y,c,
THE,2305,Script Analysis,,,,U00000073,Student 73,,,,,R,3,N,ip,
THE,2000,Theatre & Culture,,,,U00000075,Student 75,,,,B-,R,3,Y,c,
THE,2023,Entry Seminar: Theatre as an Art Form,,,,U00000075,Student 75,,,,B-,R,1,Y,c,
THE,2305,Script Analysis,,,,U00000075,Student 75,,,,A+,R,3,Y,c,
THE,3111,Theatre History 2,,,,U00000075,Student 75,,,,,R,3,N,ip,
THE,4401,American Drama,,,,U00000075,Student 75,,,,,R,3,N,ip,
THE,2000,Theatre & Culture,,,,U00000076,Student 76,,,,A-,R,3,Y,c,
THE,2023,Entry Seminar: Theatre as an Art Form,,,,U00000076,Student 76,,,,C+,R,1,Y,c,
THE,2305,Script Analysis,,,,U00000076,Student 76,,,,A,R,3,Y,c,
THE,3111,Theatre History 2,,,,U00000076,Student 76,,,,B,R,3,Y,c,
THE,4401,American Drama,,,,U00000076,Student 76,,,,,R,3,N,ip,
THE,4264,History of Costume,,,,U00000076,Student 76,,,,A,R,3,Y,c,
THE,2000,Theatre & Culture,,,,U00000077,Student 77,,,,A+,R,3,Y,c,
THE,2023,Entry Seminar: Theatre as an Art Form,,,,U00000077,Student 77,,,,B,R,1,Y,c,
THE,2305,Script Analysis,,,,U00000077,Student 77,,,,A-,R,3,Y,c,
THE,3111,Theatre History 2,,,,U00000077,Student 77,,,,B-,R,3,Y,c,
THE,4480,Drama-Special Topics,,,,U00000077,Student 77,,,,,R,3,N,ip,
THE,4264,History of Costume,,,,U00000077,Student 77,,,,,R,3,N,ip,
THE,2000,Theatre & Culture,,,,U00000079,Student 79,,,,B,R,3,Y,c,
THE,2023,Entry Seminar: Theatre as an Art Form,,,,U00000079,Student 79,,,,B+,R,1,Y,c,
THE,2305,Script Analysis,,,,U00000079,Student 79,,,,A+,R,3,Y,c,
THE,3110,Theatre History 1,,,,U00000079,Student 79,,,,A,R,3,Y,c,
THE,4434,Caribbean Theatre,,,,U00000079,Student 79,,,,,R,3,N,ip,
THE,4283,Architecture and Decoration,,,,U00000079,Student 79,,,,,R,3,N,ip,
THE,2000,Theatre & Culture,,,,U00000080,Student 80,,,,C+,R,3,Y,c,
THE,2023,Entry Seminar: Theatre as an Art Form,,,,U00000080,Student 80,,,,C+,R,1,Y,c,
THE,2305,Script Analysis,,,,U00000080,Student 80,,,,B-,R,3,Y,c,
THE,3110,Theatre History 1,,,,U00000080,Student 80,,,,B-,R,3,Y,c,
THE,4330,Shakespeare for the Theatre,,,,U00000080,Student 80,,,,C+,R,3,Y,c,
THE,3111,Theatre History 2,,,,U00000080,Student 80,,,,B,R,3,Y,c,
THE,4562,Contemporary Performance Theory,,,,U00000080,Student 80,,,,,R,3,N,ip,
THE,2000,Theatre & Culture,,,,U00000081,Student 81,,,,A-,R,3,Y,c,
THE,2023,Entry Seminar: Theatre as an Art Form,,,,U00000081,Student 81,,,,B,R,1,Y,c,
THE,2305,Script Analysis,,,,U00000081,Student 81,,,,,R,3,N,ip,
THE,3110,Theatre History 1,,,,U00000081,Student 81,,,,,R,3,N,ip,
THE,2000,Theatre & Culture,,,,U00000082,Student 82,,,,,R,3,N,ip,
THE,2023,Entry Seminar: Theatre as an Art Form,,,,U00000082,Student 82,,,,,R,1,N,ip,
THE,2000,Theatre & Culture,,,,U00000083,Student 83,,,,,R,3,N,ip,
THE,2023,Entry Seminar: Theatre as an Art Form,,,,U00000083,Student 83,,,,,R,1,N,ip,
THE,2000,Theatre & Culture,,,,U00000086,Student 86,,,,C+,R,3,Y,c,
THE,2023,Entry Seminar: Theatre as an Art Form,,,,U00000086,Student 86,,,,B-,R,1,Y,c,
THE,2305,Script Analysis,,,,U00000086,Student 86,,,,B,R,3,Y,c,
THE,3110,Theatre History 1,,,,U00000086,Student 86,,,,B+,R,3,Y,c,
THE,4434,Caribbean Theatre,,,,U00000086,Student 86,,,,B-,R,3,Y,c,
THE,4264,History of Costume,,,,U00000086,Student 86,,,,A+,R,3,Y,c,
THE,4562,Contemporary Performance Theory,,,,U00000086,Student 86,,,,,R,3,N,ip,
THE,2000,Theatre & Culture,,,,U00000087,Student 87,,,,C+,R,3,Y,c,
THE,2023,Entry Seminar: Theatre as an Art Form,,,,U00000087,Student 87,,,,B,R,1,Y,c,
THE,2305,Script Analysis,,,,U00000087,Student 87,,,,B,R,3,Y,c,
THE,3111,Theatre History 2,,,,U00000087,Student 87,,,,B-,R,3,Y,c,
THE,4480,Drama-Special Topics,,,,U00000087,Student 87,,,,A,R,3,Y,c,
THE,4264,History of Costume,,,,U00000087,Student 87,,,,A-,R,3,Y,c,
THE,4562,Contemporary Performance Theory,,,,U00000087,Student 87,,,,,R,3,N,ip,
THE,2000,Theatre & Culture,,,,U00000089,Student 89,,,,,R,3,N,ip,
THE,2000,Theatre & Culture,,,,U00000091,Student 91,,,,B-,R,3,Y,c,
THE,2023,Entry Seminar: Theatre as an Art Form,,,,U00000091,Student 91,,,,B,R,1,Y,c,
THE,2305,Script Analysis,,,,U00000091,Student 91,,,,B-,R,3,Y,c,
THE,3110,Theatre History 1,,,,U00000091,Student 91,,,,A+,R,3,Y,c,
THE,4434,Caribbean Theatre,,,,U00000091,Student 91,,,,C+,R,3,Y,c,
THE,4574,Sport as Performance,,,,U00000091,Student 91,,,,B,R,3,Y,c,
THE,2000,Theatre & Culture,,,,U00000092,Student 92,,,,A+,R,3,Y,c,
THE,2023,Entry Seminar: Theatre as an Art Form,,,,U00000092,Student 92,,,,A,R,1,Y,c,
THE,2305,Script Analysis,,,,U00000092,Student 92,,,,A,R,3,Y,c,
THE,3110,Theatre History 1,,,,U00000092,Student 92,,,,A,R,3,Y,c,
THE,4434,Caribbean Theatre,,,,U00000092,Student 92,,,,B,R,3,Y,c,
THE,3111,Theatre History 2,,,,U00000092,Student 92,,,,B+,R,3,Y,c,
THE,2000,Theatre & Culture,,,,U00000093,Student 93,,,,B,R,3,Y,c,
THE,2023,Entry Seminar: Theatre as an Art Form,,,,U00000093,Student 93,,,,A-,R,1,Y,c,
THE,2305,Script Analysis,,,,U00000093,Student 93,,,,,R,3,N,ip,
THE,2000,Theatre & Culture,,,,U00000095,Student 95,,,,A,R,3,Y,c,
THE,2023,Entry Seminar: Theatre as an Art Form,,,,U00000095,Student 95,,,,B,R,1,Y,c,
THE,2305,Script Analysis,,,,U00000095,Student 95,,,,C+,R,3,Y,c,
THE,3110,Theatre History 1,,,,U00000095,Student 95,,,,A+,R,3,Y,c,
THE,4330,Shakespeare for the Theatre,,,,U00000095,Student 95,,,,B-,R,3,Y,c,
THE,3111,Theatre History 2,,,,U00000095,Student 95,,,,,R,3,N,ip,
THE,2000,Theatre & Culture,,,,U00000096,Student 96,,,,B+,R,3,Y,c,
THE,2023,Entry Seminar: Theatre as an Art Form,,,,U00000096,Student 96,,,,B,R,1,Y,c,
THE,2305,Script Analysis,,,,U00000096,Student 96,,,,A-,R,3,Y,c,
THE,3110,Theatre History 1,,,,U00000096,Student 96,,,,B+,R,3,Y,c,
THE,4480,Drama-Special Topics,,,,U00000096,Student 96,,,,A,R,3,Y,c,
THE,4283,Architecture and Decoration,,,,U00000096,Student 96,,,,A,R,3,Y,c,
THE,4562,Contemporary Performance Theory,,,,U00000096,Student 96,,,,,R,3,N,ip,
THE,2000,Theatre & Culture,,,,U00000097,Student 97,,,,C+,R,3,Y,c,
THE,2023,Entry Seminar: Theatre as an Art Form,,,,U00000097,Student 97,,,,,R,1,N,ip,
THE,2000,Theatre & Culture,,,,U00000100,Student 100,,,,A-,R,3,Y,c,
THE,2023,Entry Seminar: Theatre as an Art Form,,,,U00000100,Student 100,,,,B-,R,1,Y,c,
THE,2305,Script Analysis,,,,U00000100,Student 100,,,,A+,R,3,Y,c,
THE,3111,Theatre History 2,,,,U00000100,Student 100,,,,,R,3,N,ip,
THE,4480,Drama-Special Topics,,,,U00000100,Student 100,,,,A,R,3,Y,c,